Top pages,Clicks,Impressions,CTR,Position
https://nolilab.com/,1900,49678,3.82%,13.06
https://nolilab.com/products/loko,284,9236,3.07%,8.54
https://nolilab.com/ja/blogs/news/discover-the-worlds-smallest-gps-tracker-introducing-the-loko-gps-tracker-by-nolilab-1,272,3217,8.46%,4.61
https://nolilab.com/ja,172,1225,14.04%,10.31
https://nolilab.com/es/blogs/news/discover-the-worlds-smallest-gps-tracker-introducing-the-loko-gps-tracker-by-nolilab-1,153,5399,2.83%,5.68
https://nolilab.com/es/blogs/news/what-are-lora-p2p-and-lorawan,118,3618,3.26%,14
https://nolilab.com/ru/blogs/news/lora-lorawan-a-simple-guide,103,3987,2.58%,10.6
https://nolilab.com/es,102,1516,6.73%,8.18
https://nolilab.com/es/blogs/news/a-comprehensive-guide-to-gps-radio-features-benefits-applications,78,10376,0.75%,9.67
https://nolilab.com/blogs/news/what-are-lora-p2p-and-lorawan,72,9044,0.8%,17.4
https://nolilab.com/ja/products/loko,67,477,14.05%,6.57
https://nolilab.com/ja/blogs/news/what-are-lora-p2p-and-lorawan,61,1391,4.39%,36.53
https://nolilab.com/ja/blogs/news/radio-line-of-sight,55,2595,2.12%,6.41
https://nolilab.com/blogs/news/radio-line-of-sight,51,15218,0.34%,16.64
https://nolilab.com/blogs/news/discover-the-worlds-smallest-gps-tracker-introducing-the-loko-gps-tracker-by-nolilab-1,51,4233,1.2%,13.12
https://nolilab.com/blogs/news/drone-enthusiasts-rejoice-the-ultimate-gps-tracker-for-your-mini-drones-1,45,10654,0.42%,18.37
https://nolilab.com/pages/software,43,6849,0.63%,6.5
https://nolilab.com/ru,37,1430,2.59%,9.47
https://nolilab.com/pages/videos,35,7317,0.48%,7.44
https://nolilab.com/es/blogs/news/lora-lorawan-a-simple-guide,34,2127,1.6%,17.23
https://nolilab.com/es/products/loko,33,1966,1.68%,11.12
https://nolilab.com/ja/blogs/news/drone-enthusiasts-rejoice-the-ultimate-gps-tracker-for-your-mini-drones-1,22,419,5.25%,18.47
https://nolilab.com/es/blogs/news/drone-enthusiasts-rejoice-the-ultimate-gps-tracker-for-your-mini-drones-1,18,1946,0.92%,9.44
https://nolilab.com/es/blogs/news/how-to-set-up-lorawan,17,324,5.25%,6.03
https://nolilab.com/blogs/news/comparing-the-top-affordable-farm-equipment-gps-tracking-systems-1,16,37397,0.04%,32.01
https://nolilab.com/ja/blogs/news/lora-lorawan-a-simple-guide,15,1492,1.01%,47.09
https://nolilab.com/ja/blogs/news/maximize-tracking-capabilities-with-5km-range-and-30-days-battery-life-in-gps-trackers,15,569,2.64%,7.75
https://nolilab.com/blogs/news/a-comprehensive-guide-to-gps-radio-features-benefits-applications,14,4779,0.29%,21.72
https://nolilab.com/es/blogs/news/comparing-the-top-affordable-farm-equipment-gps-tracking-systems-1,12,2364,0.51%,55.32
https://nolilab.com/es/blogs/news/how-does-the-change-in-ionosphere-altitude-throughout-the-day-impact-gps-signal-quality,12,1013,1.18%,11.81
https://nolilab.com/pages/contact,11,4735,0.23%,7.18
https://nolilab.com/ja/blogs/news/comparing-the-top-affordable-farm-equipment-gps-tracking-systems-1,11,394,2.79%,30.24
https://nolilab.com/blogs/news/lora-lorawan-a-simple-guide,10,3497,0.29%,26.65
https://nolilab.com/ja/blogs/news/how-does-the-change-in-ionosphere-altitude-throughout-the-day-impact-gps-signal-quality,10,411,2.43%,10.07
https://nolilab.com/pages/faq,9,5538,0.16%,6.22
https://nolilab.com/pages/lorawan,9,3138,0.29%,7.56
https://nolilab.com/blogs/news/how-to-upgrade-loko-firmware,9,43,20.93%,4.37
https://nolilab.com/blogs/news/long-range-communication-with-the-loko-gps-tracker-exploring-the-power-of-lora-radio-technology-1,7,1225,0.57%,24.4
https://nolilab.com/ja/blogs/news/how-loko-gps-trackers-long-range-communication-and-durability-make-it-perfect-for-outdoor-adventures,6,192,3.12%,12.12
https://nolilab.com/ja/blogs/news/why-drone-enthusiasts-should-consider-using-gps-trackers,5,203,2.46%,23.7
https://nolilab.com/blogs/news,4,4246,0.09%,6.27
https://nolilab.com/es/blogs/news/why-drone-enthusiasts-should-consider-using-gps-trackers,4,872,0.46%,11.1
https://nolilab.com/ja/blogs/news/long-range-communication-with-the-loko-gps-tracker-exploring-the-power-of-lora-radio-technology-1,4,106,3.77%,27.48
https://nolilab.com/pages/loko-hub,4,29,13.79%,4.9
https://nolilab.com/blogs/news/why-drone-enthusiasts-should-consider-using-gps-trackers,3,2501,0.12%,27.51
https://nolilab.com/es/blogs/news/long-range-communication-with-the-loko-gps-tracker-exploring-the-power-of-lora-radio-technology-1,3,874,0.34%,9.25
https://nolilab.com/zh/blogs/news/drone-enthusiasts-rejoice-the-ultimate-gps-tracker-for-your-mini-drones-1,3,181,1.66%,25.42
https://nolilab.com/ja/blogs/news/gps-tracking-for-farm-equipment,3,53,5.66%,7.6
https://nolilab.com/zh/blogs/news/how-to-upgrade-loko-firmware,3,50,6%,17.12
https://nolilab.com/es/blogs/news/real-time-farm-equipment-tracking-made-easy-with-nolilabs-loko-gps-tracker,2,2190,0.09%,35.7
https://nolilab.com/blogs/news/maximize-tracking-capabilities-with-5km-range-and-30-days-battery-life-in-gps-trackers,2,1571,0.13%,13.96
https://nolilab.com/pages/specs,2,650,0.31%,3.42
https://nolilab.com/es/blogs/news/maximize-tracking-capabilities-with-5km-range-and-30-days-battery-life-in-gps-trackers,2,412,0.49%,9.67
https://nolilab.com/es/blogs/news/radio-line-of-sight,2,283,0.71%,8.88
https://nolilab.com/es/blogs/news/enhance-your-outdoor-adventures-with-nolilabs-loko-gps-tracker,2,215,0.93%,14.23
https://nolilab.com/blogs/news/enhance-your-outdoor-adventures-with-nolilabs-loko-gps-tracker,2,212,0.94%,8.47
https://nolilab.com/zh,2,199,1.01%,9.42
https://nolilab.com/blogs/news/how-loko-gps-trackers-long-range-communication-and-durability-make-it-perfect-for-outdoor-adventures,2,135,1.48%,12.56
https://nolilab.com/blogs/news/how-does-the-change-in-ionosphere-altitude-throughout-the-day-impact-gps-signal-quality,1,776,0.13%,12.84
https://nolilab.com/zh/blogs/news/radio-line-of-sight,1,510,0.2%,6.78
https://nolilab.com/ru/blogs/news/comparing-the-top-affordable-farm-equipment-gps-tracking-systems-1,1,302,0.33%,31.31
https://nolilab.com/ru/products/loko,1,204,0.49%,8.91
https://nolilab.com/zh/blogs/news/lora-lorawan-a-simple-guide,1,193,0.52%,11.21
https://nolilab.com/blogs/news/exploring-the-benefits-of-radio-based-gps-tracking-with-nolilabs-loko-gps-tracker,1,175,0.57%,8.85
https://nolilab.com/blogs/news/enhance-the-safety-of-your-drone-flights-with-the-compact-loko-gps-tracker-by-nolilab-your-reliable-backup-tracking-solution,1,155,0.65%,9.15
https://nolilab.com/ru/blogs/news/discover-the-worlds-smallest-gps-tracker-introducing-the-loko-gps-tracker-by-nolilab-1,1,88,1.14%,23.53
https://nolilab.com/ja/blogs/news/enhance-your-outdoor-adventures-with-nolilabs-loko-gps-tracker,1,60,1.67%,8.98
https://nolilab.com/es/blogs/news/loko-gps-tracker-exploring-the-benefits-of-gps-glonass-and-galileo-satellite-systems,1,49,2.04%,14.55
https://nolilab.com/ja/blogs/news/real-time-farm-equipment-tracking-made-easy-with-nolilabs-loko-gps-tracker,1,30,3.33%,6.87
https://nolilab.com/ru/blogs/news/enhance-the-safety-of-your-drone-flights-with-the-compact-loko-gps-tracker-by-nolilab-your-reliable-backup-tracking-solution,1,22,4.55%,12.41
https://nolilab.com/zh/blogs/news/discover-the-worlds-smallest-gps-tracker-introducing-the-loko-gps-tracker-by-nolilab-1,1,20,5%,5.35
https://nolilab.com/ru/blogs/news/how-to-upgrade-loko-firmware,1,12,8.33%,7.25
https://nolilab.com/pages/lokodocs,1,10,10%,7
https://nolilab.com/es/blogs/news/how-to-upgrade-loko-firmware,1,4,25%,2.25
https://nolilab.com/ru/pages/lorawan,1,4,25%,21.75
https://nolilab.com/blogs/news/real-time-farm-equipment-tracking-made-easy-with-nolilabs-loko-gps-tracker,0,2360,0%,34.6
https://nolilab.com/zh/blogs/news/gps-tracking-for-farm-equipment,0,1956,0%,48.94
https://nolilab.com/blogs/news/gps-tracking-for-farm-equipment,0,1682,0%,49.31
https://nolilab.com/es/blogs/news/using-gps-tracking-for-effective-fleet-management-1,0,880,0%,58.27
https://nolilab.com/policies/privacy-policy,0,545,0%,3.29
https://nolilab.com/zh/blogs/news/maximize-tracking-capabilities-with-5km-range-and-30-days-battery-life-in-gps-trackers,0,529,0%,15.82
https://nolilab.com/zh/blogs/news/comparing-the-top-affordable-farm-equipment-gps-tracking-systems-1,0,453,0%,36.21
https://nolilab.com/blogs/news/using-gps-tracking-for-effective-fleet-management-1,0,364,0%,80.58
https://nolilab.com/ru/blogs/news/what-are-lora-p2p-and-lorawan,0,253,0%,5.33
https://nolilab.com/zh/blogs/news/loko-gps-tracker-exploring-the-benefits-of-gps-glonass-and-galileo-satellite-systems,0,191,0%,34.42
https://nolilab.com/blogs/news/loko-gps-tracker-exploring-the-benefits-of-gps-glonass-and-galileo-satellite-systems,0,163,0%,38.31
https://nolilab.com/es/blogs/news/exploring-the-benefits-of-radio-based-gps-tracking-with-nolilabs-loko-gps-tracker,0,133,0%,9.5
https://nolilab.com/ja/blogs/news/using-gps-tracking-for-effective-fleet-management-1,0,116,0%,48.31
https://nolilab.com/es/blogs/news/how-loko-gps-trackers-long-range-communication-and-durability-make-it-perfect-for-outdoor-adventures,0,113,0%,11.67
https://nolilab.com/zh/blogs/news/exploring-the-benefits-of-radio-based-gps-tracking-with-nolilabs-loko-gps-tracker,0,101,0%,20.35
https://nolilab.com/zh/blogs/news/real-time-farm-equipment-tracking-made-easy-with-nolilabs-loko-gps-tracker,0,100,0%,46.76
https://nolilab.com/ru/blogs/news/real-time-farm-equipment-tracking-made-easy-with-nolilabs-loko-gps-tracker,0,65,0%,41.48
https://nolilab.com/zh/blogs/news/using-gps-tracking-for-effective-fleet-management-1,0,57,0%,70.72
https://nolilab.com/ru/blogs/news/drone-enthusiasts-rejoice-the-ultimate-gps-tracker-for-your-mini-drones-1,0,55,0%,13.85
https://nolilab.com/ja/blogs/news/a-comprehensive-guide-to-gps-radio-features-benefits-applications,0,54,0%,48.81
https://nolilab.com/ru/blogs/news/how-loko-gps-trackers-long-range-communication-and-durability-make-it-perfect-for-outdoor-adventures,0,48,0%,11.15
https://nolilab.com/zh/blogs/news/long-range-communication-with-the-loko-gps-tracker-exploring-the-power-of-lora-radio-technology-1,0,41,0%,23.95
https://nolilab.com/ja/blogs/news/loko-gps-tracker-exploring-the-benefits-of-gps-glonass-and-galileo-satellite-systems,0,40,0%,42.45
https://nolilab.com/ja/blogs/news/how-to-set-up-lorawan,0,34,0%,8.35
https://nolilab.com/ru/collections/frontpage,0,31,0%,3.29
https://nolilab.com/zh/pages/loko-hub,0,25,0%,8.52
https://nolilab.com/blogs/news/how-to-set-up-lorawan,0,25,0%,11.72
https://nolilab.com/ru/pages/videos,0,24,0%,8.25
https://nolilab.com/zh/blogs/news/enhance-the-safety-of-your-drone-flights-with-the-compact-loko-gps-tracker-by-nolilab-your-reliable-backup-tracking-solution,0,23,0%,10.04
https://nolilab.com/ja/blogs/news/exploring-the-benefits-of-radio-based-gps-tracking-with-nolilabs-loko-gps-tracker,0,23,0%,16.52
https://nolilab.com/es/blogs/news/enhance-the-safety-of-your-drone-flights-with-the-compact-loko-gps-tracker-by-nolilab-your-reliable-backup-tracking-solution,0,23,0%,32.61
https://nolilab.com/ru/blogs/news/long-range-communication-with-the-loko-gps-tracker-exploring-the-power-of-lora-radio-technology-1,0,20,0%,32.55
https://nolilab.com/es/pages/software,0,18,0%,15.22
https://nolilab.com/zh/pages/lorawan,0,15,0%,23.13
https://nolilab.com/ru/blogs/news/enhance-your-outdoor-adventures-with-nolilabs-loko-gps-tracker,0,15,0%,27.73
https://nolilab.com/es/pages/loko-hub,0,12,0%,4.92
https://nolilab.com/es/pages/lorawan,0,12,0%,30
https://nolilab.com/ru/pages/software,0,10,0%,5
https://nolilab.com/ja/blogs/news/enhance-the-safety-of-your-drone-flights-with-the-compact-loko-gps-tracker-by-nolilab-your-reliable-backup-tracking-solution,0,9,0%,22.33
https://nolilab.com/zh/blogs/news/how-to-set-up-lorawan,0,9,0%,56.67
https://nolilab.com/zh/blogs/news,0,8,0%,11.12
https://nolilab.com/ru/blogs/news/loko-gps-tracker-exploring-the-benefits-of-gps-glonass-and-galileo-satellite-systems,0,8,0%,62.88
https://nolilab.com/ru/pages/faq,0,7,0%,13.71
https://nolilab.com/zh/blogs/news/why-drone-enthusiasts-should-consider-using-gps-trackers,0,7,0%,53.71
https://nolilab.com/ru/blogs/news/why-drone-enthusiasts-should-consider-using-gps-trackers,0,7,0%,79
https://nolilab.com/ru/blogs/news?page=2,0,7,0%,83.43
https://nolilab.com/zh/collections/frontpage,0,6,0%,6.67
https://nolilab.com/blogs/news?page=2,0,6,0%,46.83
https://nolilab.com/ru/blogs/news/exploring-the-benefits-of-radio-based-gps-tracking-with-nolilabs-loko-gps-tracker,0,4,0%,12.5
https://nolilab.com/zh/blogs/news?page=1,0,4,0%,32
https://nolilab.com/ja/pages/software,0,3,0%,8.33
https://nolilab.com/zh/pages/contact,0,3,0%,15
https://nolilab.com/ru/blogs/news/gps-tracking-for-farm-equipment,0,3,0%,43.67
https://nolilab.com/zh/pages/software,0,3,0%,45.67
https://nolilab.com/ru/blogs/news/how-to-set-up-lorawan,0,3,0%,55
https://nolilab.com/ru/blogs/news/using-gps-tracking-for-effective-fleet-management-1,0,3,0%,70.33
https://nolilab.com/zh/blogs/news/how-does-the-change-in-ionosphere-altitude-throughout-the-day-impact-gps-signal-quality,0,3,0%,80.67
https://nolilab.com/es/pages/lokodocs,0,2,0%,3.5
https://nolilab.com/es/pages/user-manual,0,2,0%,5
https://nolilab.com/es/pages/contact,0,2,0%,5.5
https://nolilab.com/es/blogs/news,0,2,0%,9.5
https://nolilab.com/zh/collections/all,0,2,0%,16.5
https://nolilab.com/ja/blogs/news?page=2,0,2,0%,18.5
https://nolilab.com/ru/pages/contact,0,2,0%,22
https://nolilab.com/zh/blogs/news?page=2,0,2,0%,22.5
https://nolilab.com/zh/pages/videos,0,2,0%,29.5
https://nolilab.com/ru/blogs/news/radio-line-of-sight,0,2,0%,57
https://nolilab.com/ru/blogs/news/how-does-the-change-in-ionosphere-altitude-throughout-the-day-impact-gps-signal-quality,0,2,0%,71.5
https://nolilab.com/cdn/shop/files/Loko_GPS.jpg?v=1737720823&width=3840,0,1,0%,1
https://nolilab.com/zh/collections/drone,0,1,0%,1
https://nolilab.com/es/pages/specs,0,1,0%,2
https://nolilab.com/cdn/shop/files/Screenshot_2023-09-30_at_23.13.31.png?v=1696101258&width=3840,0,1,0%,3
https://nolilab.com/ru/blogs/news/maximize-tracking-capabilities-with-5km-range-and-30-days-battery-life-in-gps-trackers,0,1,0%,3
https://nolilab.com/es/cart,0,1,0%,4
https://nolilab.com/es/pages/faq,0,1,0%,4
https://nolilab.com/ja/pages/lokodocs,0,1,0%,5
https://nolilab.com/products/loko?gQT=1,0,1,0%,5
https://nolilab.com/ja/blogs/news?page=3,0,1,0%,6
https://nolilab.com/zh/blogs/news/enhance-your-outdoor-adventures-with-nolilabs-loko-gps-tracker,0,1,0%,6
https://nolilab.com/zh/pages/faq,0,1,0%,6
https://nolilab.com/zh/pages/rrr,0,1,0%,7
https://nolilab.com/es/collections/all,0,1,0%,8
https://nolilab.com/ru/blogs/news,0,1,0%,8
https://nolilab.com/ja/blogs/news/how-to-upgrade-loko-firmware,0,1,0%,10
https://nolilab.com/ru/collections/all,0,1,0%,10
https://nolilab.com/es/blogs/news/gps-tracking-for-farm-equipment,0,1,0%,12
https://nolilab.com/cdn/shop/files/Loko-Weight.png?v=1725185003&width=1445,0,1,0%,13
https://nolilab.com/zh/blogs/news?page=3,0,1,0%,14
https://nolilab.com/ru/pages/specs,0,1,0%,15
https://nolilab.com/zh/products/loko,0,1,0%,17
https://nolilab.com/zh/pages/specs,0,1,0%,18
https://nolilab.com/ja/pages/contact,0,1,0%,22
https://nolilab.com/ru/cart,0,1,0%,25
https://nolilab.com/zh/cart,0,1,0%,27
https://nolilab.com/blogs/news?page=3,0,1,0%,29
https://nolilab.com/ja/collections/drone,0,1,0%,29
https://nolilab.com/zh/pages/user-manual,0,1,0%,35
https://nolilab.com/zh/blogs/news?page=4,0,1,0%,40
https://nolilab.com/ru/blogs/news?page=3,0,1,0%,42
https://nolilab.com/ru/blogs/news?page=1,0,1,0%,43